{
  "uid" : "c1673d36-5f77-42f9-8286-77c3103ecdc2",
  "name" : "Myautomation_Sub",
  "description" : "Materials Creation",
  "identifier" : "myautomation_Sub",
  "type" : "automation",
  "visibility" : true,
  "activated" : true,
  "header" : {
    "inputs" : [ {
      "description" : "",
      "identifier" : "returned_materials_15",
      "type" : "simple",
      "typeName" : "any",
      "typeValue" : "any",
      "dimension" : 0,
      "container" : null
    }, {
      "description" : null,
      "identifier" : "matnum",
      "type" : "simple",
      "typeName" : "any",
      "typeValue" : "any",
      "dimension" : 0,
      "container" : null
    }, {
      "description" : null,
      "identifier" : "mattyp",
      "type" : "simple",
      "typeName" : "any",
      "typeValue" : "any",
      "dimension" : 0,
      "container" : null
    }, {
      "description" : null,
      "identifier" : "matgro",
      "type" : "simple",
      "typeName" : "any",
      "typeValue" : "any",
      "dimension" : 0,
      "container" : null
    }, {
      "description" : null,
      "identifier" : "matcla",
      "type" : "simple",
      "typeName" : "any",
      "typeValue" : "any",
      "dimension" : 0,
      "container" : null
    }, {
      "description" : null,
      "identifier" : "refmat",
      "type" : "simple",
      "typeName" : "any",
      "typeValue" : "any",
      "dimension" : 0,
      "container" : null
    }, {
      "description" : null,
      "identifier" : "matdcr",
      "type" : "simple",
      "typeName" : "any",
      "typeValue" : "any",
      "dimension" : 0,
      "container" : null
    }, {
      "description" : null,
      "identifier" : "matuni",
      "type" : "simple",
      "typeName" : "any",
      "typeValue" : "any",
      "dimension" : 0,
      "container" : null
    }, {
      "description" : null,
      "identifier" : "matchr1",
      "type" : "simple",
      "typeName" : "any",
      "typeValue" : "any",
      "dimension" : 0,
      "container" : null
    }, {
      "description" : null,
      "identifier" : "matchr2",
      "type" : "simple",
      "typeName" : "any",
      "typeValue" : "any",
      "dimension" : 0,
      "container" : null
    }, {
      "description" : null,
      "identifier" : "matchr3",
      "type" : "simple",
      "typeName" : "any",
      "typeValue" : "any",
      "dimension" : 0,
      "container" : null
    }, {
      "description" : null,
      "identifier" : "matchr4",
      "type" : "simple",
      "typeName" : "any",
      "typeValue" : "any",
      "dimension" : 0,
      "container" : null
    }, {
      "description" : null,
      "identifier" : "matchr5",
      "type" : "simple",
      "typeName" : "any",
      "typeValue" : "any",
      "dimension" : 0,
      "container" : null
    }, {
      "description" : null,
      "identifier" : "matchr6",
      "type" : "simple",
      "typeName" : "any",
      "typeValue" : "any",
      "dimension" : 0,
      "container" : null
    }, {
      "description" : null,
      "identifier" : "matsgy",
      "type" : "simple",
      "typeName" : "any",
      "typeValue" : "any",
      "dimension" : 0,
      "container" : null
    }, {
      "description" : null,
      "identifier" : "matval",
      "type" : "simple",
      "typeName" : "any",
      "typeValue" : "any",
      "dimension" : 0,
      "container" : null
    }, {
      "description" : null,
      "identifier" : "matcap",
      "type" : "simple",
      "typeName" : "any",
      "typeValue" : "any",
      "dimension" : 0,
      "container" : null
    }, {
      "description" : null,
      "identifier" : "matpos1",
      "type" : "simple",
      "typeName" : "any",
      "typeValue" : "any",
      "dimension" : 0,
      "container" : null
    }, {
      "description" : null,
      "identifier" : "matpos2",
      "type" : "simple",
      "typeName" : "any",
      "typeValue" : "any",
      "dimension" : 0,
      "container" : null
    }, {
      "description" : null,
      "identifier" : "matpos3",
      "type" : "simple",
      "typeName" : "any",
      "typeValue" : "any",
      "dimension" : 0,
      "container" : null
    }, {
      "description" : null,
      "identifier" : "matpos4",
      "type" : "simple",
      "typeName" : "any",
      "typeValue" : "any",
      "dimension" : 0,
      "container" : null
    }, {
      "description" : null,
      "identifier" : "matill",
      "type" : "simple",
      "typeName" : "any",
      "typeValue" : "any",
      "dimension" : 0,
      "container" : null
    }, {
      "description" : null,
      "identifier" : "matcvt",
      "type" : "simple",
      "typeName" : "any",
      "typeValue" : "any",
      "dimension" : 0,
      "container" : null
    }, {
      "description" : null,
      "identifier" : "matuit",
      "type" : "simple",
      "typeName" : "any",
      "typeValue" : "any",
      "dimension" : 0,
      "container" : null
    }, {
      "description" : null,
      "identifier" : "matnwt",
      "type" : "simple",
      "typeName" : "any",
      "typeValue" : "any",
      "dimension" : 0,
      "container" : null
    }, {
      "description" : null,
      "identifier" : "matwit",
      "type" : "simple",
      "typeName" : "any",
      "typeValue" : "any",
      "dimension" : 0,
      "container" : null
    } ],
    "outputs" : [ ],
    "maxDuration" : 1200,
    "maxActivityDuration" : 60,
    "triggerable" : true,
    "hasAddJobSubAutomations" : false,
    "hasAlerts" : false,
    "scriptUids" : [ "d508defa-57a5-4e89-a1dd-5b805a35f937" ]
  },
  "buildHeader" : {
    "input" : {
      "$schema" : "http://json-schema.org/draft-07/schema#",
      "type" : "object",
      "properties" : {
        "matill" : { },
        "matsgy" : { },
        "matgro" : { },
        "matval" : { },
        "matcvt" : { },
        "matuit" : { },
        "matwit" : { },
        "matchr5" : { },
        "matchr6" : { },
        "matchr3" : { },
        "matchr4" : { },
        "matpos1" : { },
        "matchr1" : { },
        "matpos2" : { },
        "matchr2" : { },
        "matpos3" : { },
        "matuni" : { },
        "matpos4" : { },
        "mattyp" : { },
        "matnwt" : { },
        "refmat" : { },
        "matnum" : { },
        "matcla" : { },
        "returned_materials_15" : {
          "description" : ""
        },
        "matdcr" : { },
        "matcap" : { }
      },
      "required" : [ "matill", "matsgy", "matgro", "matval", "matcvt", "matuit", "matwit", "matchr5", "matchr6", "matchr3", "matchr4", "matpos1", "matchr1", "matpos2", "matchr2", "matpos3", "matuni", "matpos4", "mattyp", "matnwt", "refmat", "matnum", "matcla", "returned_materials_15", "matdcr", "matcap" ]
    },
    "output" : {
      "$schema" : "http://json-schema.org/draft-07/schema#",
      "type" : "object",
      "properties" : { }
    },
    "internalUid" : null,
    "triggerable" : true,
    "maxDuration" : 1200,
    "maxActivityDuration" : 60
  },
  "validity" : true,
  "dependencies" : [ {
    "artifactUid" : "079265fd-0cc3-37ff-9896-ef34682a481b",
    "artifactContainerUid" : "95bb5017-55c3-4c99-9775-8e6eef2ed2b4",
    "packageUid" : "105f6259-cdaf-414b-86ea-5bc670448046",
    "packageAlias" : "irpa_excel"
  }, {
    "artifactUid" : "57c96571-78ff-4b0e-9b96-ee05a7262e33",
    "artifactContainerUid" : "34f822ad-fa4e-4cae-a7d7-04a1cfc07b68"
  }, {
    "artifactUid" : "9cab8902-34c3-37f9-a6bb-8e55279e5195",
    "artifactContainerUid" : "c6a0b82c-c1b4-4794-bf63-b650a15b3f6f",
    "packageUid" : "2dbcfd22-58ea-49a2-99d6-005f5bb902c3",
    "packageAlias" : "irpa_core"
  }, {
    "artifactUid" : "9d97d190-ddae-3b68-bf21-ac94e6bc05e4",
    "artifactContainerUid" : "95bb5017-55c3-4c99-9775-8e6eef2ed2b4",
    "packageUid" : "105f6259-cdaf-414b-86ea-5bc670448046",
    "packageAlias" : "irpa_excel"
  }, {
    "artifactUid" : "aab5ad95-d8dd-3ea2-b24d-17c88b53b37c",
    "artifactContainerUid" : "c6a0b82c-c1b4-4794-bf63-b650a15b3f6f",
    "packageUid" : "2dbcfd22-58ea-49a2-99d6-005f5bb902c3",
    "packageAlias" : "irpa_core"
  }, {
    "artifactUid" : "b2b39969-be3a-32e5-b4cb-3ebfacb6d3e5",
    "artifactContainerUid" : "95bb5017-55c3-4c99-9775-8e6eef2ed2b4",
    "packageUid" : "105f6259-cdaf-414b-86ea-5bc670448046",
    "packageAlias" : "irpa_excel"
  }, {
    "artifactUid" : "ec029baf-9989-3475-ac71-29ec82435863",
    "artifactContainerUid" : "c6a0b82c-c1b4-4794-bf63-b650a15b3f6f",
    "packageUid" : "2dbcfd22-58ea-49a2-99d6-005f5bb902c3",
    "packageAlias" : "irpa_core"
  }, {
    "artifactUid" : "ed521d70-d2b5-3286-848b-8acd783a6b43",
    "artifactContainerUid" : "c6a0b82c-c1b4-4794-bf63-b650a15b3f6f",
    "packageUid" : "2dbcfd22-58ea-49a2-99d6-005f5bb902c3",
    "packageAlias" : "irpa_core"
  }, {
    "artifactUid" : "f2fee1f4-25ef-3451-a66b-11b328ea34f4",
    "artifactContainerUid" : "c6a0b82c-c1b4-4794-bf63-b650a15b3f6f",
    "packageUid" : "2dbcfd22-58ea-49a2-99d6-005f5bb902c3",
    "packageAlias" : "irpa_core"
  } ],
  "access" : "default",
  "contents" : [ {
    "uid" : "a83f503a-09c6-4eed-bba9-dbb7f2a5b798",
    "name" : "content",
    "mimeType" : "application/json",
    "size" : 1289375,
    "lastUpdateRelease" : "2205.51"
  }, {
    "uid" : "eb6c6589-2215-4e55-9a9d-deefd53313bb",
    "name" : "d508defa-57a5-4e89-a1dd-5b805a35f937",
    "mimeType" : "application/json",
    "size" : 2374,
    "lastUpdateRelease" : "2205.51"
  } ],
  "exportRelease" : "2207.03",
  "lastHeaderUpdateRelease" : "2204.01",
  "submittable" : true,
  "mode" : "managed"
}