{
  "uid" : "4db92b7c-25a3-41e6-a3c8-abe3bf7b6f6d",
  "name" : "my alert",
  "identifier" : "myAlert",
  "type" : "alert",
  "visibility" : true,
  "activated" : true,
  "header" : {
    "message" : "${myOutput0}",
    "parameters" : [ {
      "name" : "myOutput0",
      "type" : "STRING"
    } ],
    "severity" : "WARNING",
    "schema" : {
      "$id" : "add3119a-9619-47fc-984a-cd65d4ef2cc5",
      "$schema" : "http://json-schema.org/draft-07/schema#",
      "title" : "my alert",
      "type" : "object",
      "properties" : {
        "message" : {
          "type" : "string"
        },
        "severity" : {
          "type" : "string",
          "enum" : [ "INFORMATION", "WARNING", "ERROR" ]
        },
        "parameters" : {
          "myOutput0" : {
            "type" : "string"
          }
        }
      }
    }
  },
  "validity" : true,
  "access" : "default",
  "exportRelease" : "2206.02",
  "lastHeaderUpdateRelease" : "2205.50",
  "submittable" : true,
  "mode" : "managed"
}