{
  "uid" : "526bddd0-0220-45da-b93a-81e6e4556d2b",
  "name" : "Materials Project Pane",
  "description" : "副料建立",
  "identifier" : "projectpane0",
  "type" : "projectpane",
  "visibility" : true,
  "activated" : true,
  "header" : null,
  "buildHeader" : null,
  "validity" : true,
  "dependencies" : [ {
    "artifactUid" : "962c98a7-ad4c-4792-b82f-57fce25d8081",
    "artifactContainerUid" : "bf56444b-0058-4b44-b216-91bbebf65092"
  } ],
  "access" : "default",
  "contents" : [ {
    "uid" : "9c1cf9e3-ce66-4fe6-84d2-4b17a101b96a",
    "name" : "content",
    "mimeType" : "application/json",
    "size" : 184,
    "lastUpdateRelease" : "2205.51"
  } ],
  "exportRelease" : "2207.03",
  "lastHeaderUpdateRelease" : "2204.02",
  "submittable" : true,
  "mode" : "managed"
}