{
  "uid" : "1b64c57a-d689-4dde-acc0-7b83e850ecd6",
  "name" : "物料主檔",
  "description" : "物料主檔_MM41",
  "identifier" : "datatype0",
  "type" : "datatype",
  "visibility" : true,
  "activated" : true,
  "header" : {
    "$schema" : "http://json-schema.org/draft-07/schema#",
    "type" : "object",
    "title" : "物料主檔",
    "properties" : {
      "null" : { }
    }
  },
  "buildHeader" : {
    "$schema" : "http://json-schema.org/draft-07/schema#",
    "type" : "object",
    "title" : "物料主檔",
    "properties" : {
      "null" : { }
    }
  },
  "validity" : true,
  "access" : "default",
  "exportRelease" : "2208.02",
  "lastHeaderUpdateRelease" : "2203.01",
  "submittable" : true,
  "mode" : "managed"
}