{
  "uid" : "1cb49cf1-534c-4ffd-a3ab-90401f07b490",
  "name" : "test",
  "description" : "test",
  "identifier" : "projectpane0",
  "type" : "projectpane",
  "visibility" : true,
  "activated" : true,
  "validity" : true,
  "dependencies" : [ {
    "artifactUid" : "9cab8902-34c3-37f9-a6bb-8e55279e5195",
    "artifactContainerUid" : "4e59bcc7-c26a-43b8-b757-eeda12003465",
    "packageUid" : "2dbcfd22-58ea-49a2-99d6-005f5bb902c3",
    "packageAlias" : "irpa_core"
  } ],
  "access" : "default",
  "contents" : [ {
    "uid" : "afb94bd6-92d2-43b1-871c-be60e717182a",
    "name" : "content",
    "mimeType" : "application/json",
    "size" : 69,
    "lastUpdateRelease" : "2208.03"
  } ],
  "exportRelease" : "2209.08",
  "lastHeaderUpdateRelease" : "2208.03",
  "submittable" : true,
  "mode" : "managed"
}