{
  "uid" : "c8a43f3a-3d06-46e5-bc6f-a41a4e11f80c",
  "name" : "Username",
  "description" : "username",
  "identifier" : "Username",
  "type" : "environment-variable",
  "visibility" : true,
  "activated" : true,
  "header" : {
    "type" : "simple",
    "typeValue" : "string",
    "typeName" : "string",
    "dimension" : 0
  },
  "buildHeader" : {
    "type" : "simple",
    "typeValue" : "string",
    "typeName" : "string",
    "dimension" : 0
  },
  "validity" : true,
  "access" : "default",
  "exportRelease" : "2207.03",
  "lastHeaderUpdateRelease" : "2204.01",
  "submittable" : true,
  "mode" : "managed"
}