{
  "uid" : "f1417804-dd22-4781-aa40-dc792ad11e17",
  "name" : "Passeword",
  "description" : "password",
  "identifier" : "Passeword",
  "type" : "environment-variable",
  "visibility" : true,
  "activated" : true,
  "header" : {
    "type" : "simple",
    "typeValue" : "password",
    "typeName" : "password",
    "dimension" : 0
  },
  "buildHeader" : null,
  "validity" : true,
  "access" : "default",
  "exportRelease" : "2207.03",
  "lastHeaderUpdateRelease" : "2204.01",
  "submittable" : true,
  "mode" : "managed"
}