{
  "uid" : "d0ada9da-20ad-4b8d-bdce-81b3c8946835",
  "name" : "my alert2",
  "identifier" : "myalert2",
  "type" : "alert",
  "visibility" : true,
  "activated" : true,
  "header" : {
    "message" : "${myOutput1}",
    "parameters" : [ {
      "name" : "myOutput1",
      "type" : "STRING"
    } ],
    "severity" : "WARNING",
    "schema" : {
      "$id" : "1275ad32-9b1e-4e4d-a9ca-de106d31534c",
      "$schema" : "http://json-schema.org/draft-07/schema#",
      "title" : "my alert2",
      "type" : "object",
      "properties" : {
        "message" : {
          "type" : "string"
        },
        "severity" : {
          "type" : "string",
          "enum" : [ "INFORMATION", "WARNING", "ERROR" ]
        },
        "parameters" : {
          "myOutput1" : {
            "type" : "string"
          }
        }
      }
    }
  },
  "validity" : true,
  "access" : "default",
  "exportRelease" : "2208.02",
  "lastHeaderUpdateRelease" : "2205.50",
  "submittable" : true,
  "mode" : "managed"
}