{
  "uid" : "6d827ed4-cc5b-4dac-afb9-ef1b306492af",
  "name" : "my alert4",
  "identifier" : "myAlert4",
  "type" : "alert",
  "visibility" : true,
  "activated" : true,
  "header" : {
    "message" : "${myOutput03}",
    "parameters" : [ {
      "name" : "myOutput03",
      "type" : "STRING"
    } ],
    "severity" : "INFORMATION",
    "schema" : {
      "$id" : "d8f50793-4f3e-456c-8487-06efd7f30aa7",
      "$schema" : "http://json-schema.org/draft-07/schema#",
      "title" : "my alert4",
      "type" : "object",
      "properties" : {
        "message" : {
          "type" : "string"
        },
        "severity" : {
          "type" : "string",
          "enum" : [ "INFORMATION", "WARNING", "ERROR" ]
        },
        "parameters" : {
          "myOutput03" : {
            "type" : "string"
          }
        }
      }
    }
  },
  "validity" : true,
  "access" : "default",
  "exportRelease" : "2207.03",
  "lastHeaderUpdateRelease" : "2205.50",
  "submittable" : true,
  "mode" : "managed"
}