{
  "uid" : "526bddd0-0220-45da-b93a-81e6e4556d2b",
  "name" : "Materials Project Pane",
  "description" : "副料建立",
  "identifier" : "projectpane0",
  "type" : "projectpane",
  "visibility" : true,
  "activated" : true,
  "validity" : true,
  "dependencies" : [ {
    "artifactUid" : "962c98a7-ad4c-4792-b82f-57fce25d8081",
    "artifactContainerUid" : "d9131b06-fc79-4cd6-8015-a437dbae3522"
  } ],
  "access" : "default",
  "contents" : [ {
    "uid" : "d6f796fc-57aa-4d4c-b43a-fa1ae94de9cb",
    "name" : "content",
    "mimeType" : "application/json",
    "size" : 184,
    "lastUpdateRelease" : "2204.02"
  } ],
  "exportRelease" : "2205.50",
  "lastHeaderUpdateRelease" : "2204.02",
  "submittable" : true,
  "mode" : "managed"
}