{
  "uid" : "1cebf7e6-5b89-44a5-9055-2a154c66b3ff",
  "name" : "my alert5",
  "identifier" : "myAlert5",
  "type" : "alert",
  "visibility" : true,
  "activated" : true,
  "header" : {
    "message" : "${myOutput04}",
    "parameters" : [ {
      "name" : "myOutput04",
      "type" : "STRING"
    } ],
    "severity" : "WARNING",
    "schema" : {
      "$id" : "426063ab-2487-4ae1-9e9a-a087295469f0",
      "$schema" : "http://json-schema.org/draft-07/schema#",
      "title" : "my alert5",
      "type" : "object",
      "properties" : {
        "message" : {
          "type" : "string"
        },
        "severity" : {
          "type" : "string",
          "enum" : [ "INFORMATION", "WARNING", "ERROR" ]
        },
        "parameters" : {
          "myOutput04" : {
            "type" : "string"
          }
        }
      }
    }
  },
  "validity" : true,
  "access" : "default",
  "exportRelease" : "2210.05",
  "lastHeaderUpdateRelease" : "2205.50",
  "submittable" : true,
  "mode" : "managed"
}