{
  "uid" : "962c98a7-ad4c-4792-b82f-57fce25d8081",
  "name" : "Myautomation2",
  "identifier" : "myautomation2",
  "type" : "automation",
  "visibility" : true,
  "activated" : true,
  "header" : {
    "inputs" : [ ],
    "outputs" : [ ],
    "maxDuration" : 1200,
    "maxActivityDuration" : 60,
    "triggerable" : true,
    "hasAddJobSubAutomations" : false,
    "hasAlerts" : true,
    "scriptUids" : [ "e0eb24b0-e08e-489c-b4ec-e42af3bd70b0", "f9c913f2-4ce6-47bb-90a7-611259c7f6db", "8d91fd01-fa12-4f80-b645-e6a84104cba2" ]
  },
  "buildHeader" : null,
  "validity" : true,
  "dependencies" : [ {
    "artifactUid" : "079265fd-0cc3-37ff-9896-ef34682a481b",
    "artifactContainerUid" : "95bb5017-55c3-4c99-9775-8e6eef2ed2b4",
    "packageUid" : "105f6259-cdaf-414b-86ea-5bc670448046",
    "packageAlias" : "irpa_excel"
  }, {
    "artifactUid" : "08932019-52df-3d41-8347-421faed14de4",
    "artifactContainerUid" : "c6a0b82c-c1b4-4794-bf63-b650a15b3f6f",
    "packageUid" : "2dbcfd22-58ea-49a2-99d6-005f5bb902c3",
    "packageAlias" : "irpa_core"
  }, {
    "artifactUid" : "1cebf7e6-5b89-44a5-9055-2a154c66b3ff",
    "artifactContainerUid" : "bf56444b-0058-4b44-b216-91bbebf65092"
  }, {
    "artifactUid" : "3d71a912-e5ca-3cab-9e96-cc170b200ba4",
    "artifactContainerUid" : "7ec92556-8a10-49f7-9230-9a34288554eb",
    "packageUid" : "e5dadd38-93e2-423a-8126-69aecb04b92b",
    "packageAlias" : "irpa_outlook"
  }, {
    "artifactUid" : "4db92b7c-25a3-41e6-a3c8-abe3bf7b6f6d",
    "artifactContainerUid" : "bf56444b-0058-4b44-b216-91bbebf65092"
  }, {
    "artifactUid" : "532ff9d9-9040-3db8-ae61-fadb6b1983ae",
    "artifactContainerUid" : "7ec92556-8a10-49f7-9230-9a34288554eb",
    "packageUid" : "e5dadd38-93e2-423a-8126-69aecb04b92b",
    "packageAlias" : "irpa_outlook"
  }, {
    "artifactUid" : "57c96571-78ff-4b0e-9b96-ee05a7262e33",
    "artifactContainerUid" : "bf56444b-0058-4b44-b216-91bbebf65092"
  }, {
    "artifactUid" : "5c3efbea-5de9-4751-81e7-65e2f76a7fc8",
    "artifactContainerUid" : "bf56444b-0058-4b44-b216-91bbebf65092"
  }, {
    "artifactUid" : "6d827ed4-cc5b-4dac-afb9-ef1b306492af",
    "artifactContainerUid" : "bf56444b-0058-4b44-b216-91bbebf65092"
  }, {
    "artifactUid" : "72ac3c04-38a6-3298-92bb-fe2ef0a27750",
    "artifactContainerUid" : "7ec92556-8a10-49f7-9230-9a34288554eb",
    "packageUid" : "e5dadd38-93e2-423a-8126-69aecb04b92b",
    "packageAlias" : "irpa_outlook"
  }, {
    "artifactUid" : "7e39d857-bb57-483b-94d1-70d40e3478a4",
    "artifactContainerUid" : "bf56444b-0058-4b44-b216-91bbebf65092"
  }, {
    "artifactUid" : "9cab8902-34c3-37f9-a6bb-8e55279e5195",
    "artifactContainerUid" : "c6a0b82c-c1b4-4794-bf63-b650a15b3f6f",
    "packageUid" : "2dbcfd22-58ea-49a2-99d6-005f5bb902c3",
    "packageAlias" : "irpa_core"
  }, {
    "artifactUid" : "9d97d190-ddae-3b68-bf21-ac94e6bc05e4",
    "artifactContainerUid" : "95bb5017-55c3-4c99-9775-8e6eef2ed2b4",
    "packageUid" : "105f6259-cdaf-414b-86ea-5bc670448046",
    "packageAlias" : "irpa_excel"
  }, {
    "artifactUid" : "aab5ad95-d8dd-3ea2-b24d-17c88b53b37c",
    "artifactContainerUid" : "c6a0b82c-c1b4-4794-bf63-b650a15b3f6f",
    "packageUid" : "2dbcfd22-58ea-49a2-99d6-005f5bb902c3",
    "packageAlias" : "irpa_core"
  }, {
    "artifactUid" : "ad8424e5-0004-31e8-b7c2-cd871847e3e3",
    "artifactContainerUid" : "95bb5017-55c3-4c99-9775-8e6eef2ed2b4",
    "packageUid" : "105f6259-cdaf-414b-86ea-5bc670448046",
    "packageAlias" : "irpa_excel"
  }, {
    "artifactUid" : "b2b39969-be3a-32e5-b4cb-3ebfacb6d3e5",
    "artifactContainerUid" : "95bb5017-55c3-4c99-9775-8e6eef2ed2b4",
    "packageUid" : "105f6259-cdaf-414b-86ea-5bc670448046",
    "packageAlias" : "irpa_excel"
  }, {
    "artifactUid" : "b45221f0-ed55-3f63-95d8-7d70b97b557e",
    "artifactContainerUid" : "c6a0b82c-c1b4-4794-bf63-b650a15b3f6f",
    "packageUid" : "2dbcfd22-58ea-49a2-99d6-005f5bb902c3",
    "packageAlias" : "irpa_core"
  }, {
    "artifactUid" : "c1673d36-5f77-42f9-8286-77c3103ecdc2",
    "artifactContainerUid" : "bf56444b-0058-4b44-b216-91bbebf65092"
  }, {
    "artifactUid" : "c8a43f3a-3d06-46e5-bc6f-a41a4e11f80c",
    "artifactContainerUid" : "bf56444b-0058-4b44-b216-91bbebf65092"
  }, {
    "artifactUid" : "d0ada9da-20ad-4b8d-bdce-81b3c8946835",
    "artifactContainerUid" : "bf56444b-0058-4b44-b216-91bbebf65092"
  }, {
    "artifactUid" : "ec029baf-9989-3475-ac71-29ec82435863",
    "artifactContainerUid" : "c6a0b82c-c1b4-4794-bf63-b650a15b3f6f",
    "packageUid" : "2dbcfd22-58ea-49a2-99d6-005f5bb902c3",
    "packageAlias" : "irpa_core"
  }, {
    "artifactUid" : "ed521d70-d2b5-3286-848b-8acd783a6b43",
    "artifactContainerUid" : "c6a0b82c-c1b4-4794-bf63-b650a15b3f6f",
    "packageUid" : "2dbcfd22-58ea-49a2-99d6-005f5bb902c3",
    "packageAlias" : "irpa_core"
  }, {
    "artifactUid" : "f1417804-dd22-4781-aa40-dc792ad11e17",
    "artifactContainerUid" : "bf56444b-0058-4b44-b216-91bbebf65092"
  } ],
  "access" : "default",
  "contents" : [ {
    "uid" : "8de4b937-b5a4-4bfb-8504-47bdee65f23d",
    "name" : "8d91fd01-fa12-4f80-b645-e6a84104cba2",
    "mimeType" : "application/json",
    "size" : 368,
    "lastUpdateRelease" : "2205.51"
  }, {
    "uid" : "34aab5b1-dc96-494b-9928-b5d08a642e1a",
    "name" : "f9c913f2-4ce6-47bb-90a7-611259c7f6db",
    "mimeType" : "application/json",
    "size" : 155,
    "lastUpdateRelease" : "2205.51"
  }, {
    "uid" : "c635e7d2-1120-4478-9d71-c4b9841c989d",
    "name" : "e0eb24b0-e08e-489c-b4ec-e42af3bd70b0",
    "mimeType" : "application/json",
    "size" : 368,
    "lastUpdateRelease" : "2205.51"
  }, {
    "uid" : "21ff11d6-bfa5-4eb2-8be5-36738ef29a28",
    "name" : "content",
    "mimeType" : "application/json",
    "size" : 200484,
    "lastUpdateRelease" : "2207.03"
  } ],
  "exportRelease" : "2207.03",
  "lastHeaderUpdateRelease" : "2204.01",
  "submittable" : true,
  "mode" : "managed"
}