{
  "uid" : "3ec0281c-f249-4ac0-8a49-cfb7648e459e",
  "name" : "HTML",
  "identifier" : "hTML",
  "type" : "application",
  "visibility" : true,
  "activated" : true,
  "header" : {
    "identifier" : "hTML",
    "applicationProperties" : {
      "settings" : {
        "applicationPath" : "https://americo.yuniquecloud.com/srmOn/Default.aspx?SW=1280&SH=720&OS=WIN",
        "InstID" : false,
        "Sync" : 250
      },
      "techno" : "WEB"
    },
    "data" : {
      "criteria" : [ {
        "attribute" : "DOMAIN",
        "rule" : "equals",
        "value" : "americo.yuniquecloud.com"
      } ]
    },
    "screens" : [ {
      "data" : {
        "criteria" : [ {
          "attribute" : "URL",
          "rule" : "equals",
          "value" : "https://americo.yuniquecloud.com/srmOn/Default.aspx?SW=1280&SH=720&OS=WIN"
        }, {
          "attribute" : "MAINFRAME",
          "rule" : "equals",
          "value" : true
        } ],
        "customType" : "HTML"
      },
      "captures" : [ {
        "name" : "擷取",
        "hash" : -1767992508,
        "boundingRect" : {
          "captureRef" : 1,
          "top" : 0,
          "left" : 0,
          "width" : 1263,
          "height" : 580
        }
      } ],
      "framework" : "WEB",
      "identifier" : "hTML",
      "items" : [ {
        "boundingRects" : {
          "1" : [ {
            "left" : 650,
            "top" : 268,
            "width" : 150,
            "height" : 21
          } ]
        },
        "data" : {
          "controlType" : "INPUT",
          "customType" : "WEB.Edit",
          "criteria" : [ {
            "attribute" : "TAG",
            "rule" : "equals",
            "value" : "INPUT"
          }, {
            "attribute" : "name",
            "rule" : "equals",
            "value" : "txtUserName"
          } ],
          "technoInterfaces" : [ "irpa_core.core.WEBItem" ],
          "occurs" : false
        },
        "dimension" : 0,
        "identifier" : "txtUserName",
        "ignoredCaptures" : [ ],
        "name" : "txtUserName",
        "occurs" : false,
        "settings" : {
          "Capture" : "No"
        },
        "type" : "irpa_web.WEB.WEBEdit",
        "uid" : "dcb6f857-6bad-4a4f-9f30-23fe31309819"
      }, {
        "boundingRects" : {
          "1" : [ {
            "left" : 650,
            "top" : 293,
            "width" : 151,
            "height" : 20
          } ]
        },
        "data" : {
          "controlType" : "INPUT",
          "customType" : "WEB.Edit",
          "criteria" : [ {
            "attribute" : "TAG",
            "rule" : "equals",
            "value" : "INPUT"
          }, {
            "attribute" : "name",
            "rule" : "equals",
            "value" : "txtUserPass"
          } ],
          "technoInterfaces" : [ "irpa_core.core.WEBItem" ],
          "occurs" : false
        },
        "dimension" : 0,
        "identifier" : "txtUserPass",
        "ignoredCaptures" : [ ],
        "name" : "txtUserPass",
        "occurs" : false,
        "settings" : {
          "Capture" : "No"
        },
        "type" : "irpa_web.WEB.WEBEdit",
        "uid" : "082f8217-8ddb-4a53-b870-81682dc05a13"
      }, {
        "boundingRects" : {
          "1" : [ {
            "left" : 650,
            "top" : 318,
            "width" : 48,
            "height" : 20
          } ]
        },
        "data" : {
          "controlType" : "INPUT",
          "customType" : "WEB.Button",
          "criteria" : [ {
            "attribute" : "TAG",
            "rule" : "equals",
            "value" : "INPUT"
          }, {
            "attribute" : "name",
            "rule" : "equals",
            "value" : "cmdLogin"
          } ],
          "technoInterfaces" : [ "irpa_core.core.WEBItem" ],
          "occurs" : false
        },
        "dimension" : 0,
        "identifier" : "cmdLogin",
        "ignoredCaptures" : [ ],
        "name" : "cmdLogin",
        "occurs" : false,
        "settings" : {
          "Capture" : "No"
        },
        "type" : "irpa_web.WEB.WEBButton",
        "uid" : "3a804502-c5ee-4225-a5f7-e0e2eb5aa557"
      } ],
      "mustExists" : [ ],
      "mustNotExists" : [ ],
      "name" : "HTML",
      "settings" : {
        "launchURL" : "https://americo.yuniquecloud.com/srmOn/Default.aspx?SW=1280&SH=720&OS=WIN",
        "CaptDataItemsCached" : false
      },
      "techno" : "WEB",
      "type" : "irpa_core.core.WEBPage",
      "uid" : "dafd1f2b-4d63-4966-8566-2efa9ad82e7d",
      "subScreens" : [ ]
    }, {
      "data" : {
        "criteria" : [ {
          "attribute" : "URL",
          "rule" : "equals",
          "value" : "https://americo.yuniquecloud.com/srmOn/Desktop/DesktopTop.aspx"
        }, {
          "attribute" : "MAINFRAME",
          "rule" : "equals",
          "value" : false
        }, {
          "attribute" : "FRAMEINDEX",
          "rule" : "equals",
          "value" : "1"
        } ],
        "customType" : "HTML"
      },
      "captures" : [ {
        "name" : "Capture 1",
        "hash" : 1875186736,
        "boundingRect" : {
          "captureRef" : 1,
          "top" : 0,
          "left" : 0,
          "width" : 1920,
          "height" : 854
        }
      } ],
      "framework" : "WEB",
      "identifier" : "hTML_1",
      "items" : [ {
        "boundingRects" : {
          "1" : [ {
            "left" : 1,
            "top" : 1,
            "width" : 57,
            "height" : 57
          } ]
        },
        "data" : {
          "controlType" : "INPUT",
          "customType" : "WEB.Edit",
          "criteria" : [ {
            "attribute" : "TAG",
            "rule" : "equals",
            "value" : "INPUT"
          }, {
            "attribute" : "name",
            "rule" : "equals",
            "value" : "btnHome"
          } ],
          "technoInterfaces" : [ "irpa_core.core.WEBItem" ],
          "occurs" : false
        },
        "dimension" : 0,
        "identifier" : "btnHome",
        "ignoredCaptures" : [ ],
        "name" : "btnHome",
        "occurs" : false,
        "settings" : {
          "Capture" : "No"
        },
        "type" : "irpa_web.WEB.WEBEdit",
        "uid" : "b36f26bd-2dc5-4d7b-b7d6-8df2966e6b60"
      }, {
        "boundingRects" : {
          "1" : [ {
            "left" : 244,
            "top" : 1,
            "width" : 60,
            "height" : 57
          } ]
        },
        "data" : {
          "controlType" : "INPUT",
          "customType" : "WEB.Edit",
          "criteria" : [ {
            "attribute" : "TAG",
            "rule" : "equals",
            "value" : "INPUT"
          }, {
            "attribute" : "name",
            "rule" : "equals",
            "value" : "btnDownloads"
          } ],
          "technoInterfaces" : [ "irpa_core.core.WEBItem" ],
          "occurs" : false
        },
        "dimension" : 0,
        "identifier" : "btnDownloads",
        "ignoredCaptures" : [ ],
        "name" : "btnDownloads",
        "occurs" : false,
        "settings" : {
          "Capture" : "No"
        },
        "type" : "irpa_web.WEB.WEBEdit",
        "uid" : "9e559f23-20a1-4cea-8639-e22de976201d"
      }, {
        "boundingRects" : {
          "1" : [ {
            "left" : 607,
            "top" : 1,
            "width" : 57,
            "height" : 57
          } ]
        },
        "data" : {
          "controlType" : "INPUT",
          "customType" : "WEB.Edit",
          "criteria" : [ {
            "attribute" : "TAG",
            "rule" : "equals",
            "value" : "INPUT"
          }, {
            "attribute" : "name",
            "rule" : "equals",
            "value" : "btnLogOff"
          } ],
          "technoInterfaces" : [ "irpa_core.core.WEBItem" ],
          "occurs" : false
        },
        "dimension" : 0,
        "identifier" : "btnLogOff",
        "ignoredCaptures" : [ ],
        "name" : "btnLogOff",
        "occurs" : false,
        "settings" : {
          "Capture" : "No"
        },
        "type" : "irpa_web.WEB.WEBEdit",
        "uid" : "e4500afc-8120-4c65-ae04-37844384780d"
      } ],
      "mustExists" : [ ],
      "mustNotExists" : [ ],
      "name" : "HTML_1",
      "settings" : {
        "launchURL" : "https://americo.yuniquecloud.com/srmOn/Desktop/DesktopTop.aspx",
        "CaptDataItemsCached" : false
      },
      "techno" : "WEB",
      "type" : "irpa_core.core.WEBPage",
      "uid" : "4a5d91d6-6ff0-4917-8ace-50d0f66fcde9",
      "subScreens" : [ ]
    }, {
      "data" : {
        "criteria" : [ {
          "attribute" : "URL",
          "rule" : "equals",
          "value" : "https://americo.yuniquecloud.com/srmOn/Downloads/Downloads_Main.aspx"
        }, {
          "attribute" : "MAINFRAME",
          "rule" : "equals",
          "value" : false
        }, {
          "attribute" : "FRAMEINDEX",
          "rule" : "equals",
          "value" : "2"
        } ],
        "customType" : "HTML"
      },
      "captures" : [ {
        "name" : "Capture 1",
        "hash" : 1875186736,
        "boundingRect" : {
          "captureRef" : 1,
          "top" : 0,
          "left" : 0,
          "width" : 1920,
          "height" : 854
        }
      }, {
        "name" : "擷取",
        "hash" : -1947860515,
        "boundingRect" : {
          "captureRef" : 2,
          "top" : 0,
          "left" : 0,
          "width" : 1920,
          "height" : 854
        }
      }, {
        "name" : "擷取2",
        "hash" : -518708783,
        "boundingRect" : {
          "captureRef" : 3,
          "top" : 0,
          "left" : 0,
          "width" : 1920,
          "height" : 854
        }
      } ],
      "framework" : "WEB",
      "identifier" : "hTML_2",
      "items" : [ {
        "boundingRects" : {
          "1" : [ {
            "left" : 280,
            "top" : 199,
            "width" : 125,
            "height" : 21
          } ],
          "2" : [ {
            "left" : 280,
            "top" : 199,
            "width" : 125,
            "height" : 21
          } ],
          "3" : [ {
            "left" : 280,
            "top" : 199,
            "width" : 125,
            "height" : 21
          } ]
        },
        "data" : {
          "controlType" : "SELECT",
          "customType" : "WEB.ComboBox",
          "criteria" : [ {
            "attribute" : "TAG",
            "rule" : "equals",
            "value" : "SELECT"
          }, {
            "attribute" : "name",
            "rule" : "equals",
            "value" : "drlStyleType"
          } ],
          "technoInterfaces" : [ "irpa_core.core.WEBItem" ],
          "occurs" : false
        },
        "dimension" : 0,
        "identifier" : "drlStyleType",
        "ignoredCaptures" : [ ],
        "name" : "drlStyleType",
        "occurs" : false,
        "settings" : {
          "Capture" : "No"
        },
        "type" : "irpa_web.WEB.WEBComboBox",
        "uid" : "c5feb0c9-938d-41a6-a44e-4721aa3f4e51"
      }, {
        "boundingRects" : {
          "1" : [ {
            "left" : 409,
            "top" : 199,
            "width" : 150,
            "height" : 21
          } ],
          "2" : [ {
            "left" : 409,
            "top" : 199,
            "width" : 150,
            "height" : 21
          } ],
          "3" : [ {
            "left" : 409,
            "top" : 199,
            "width" : 150,
            "height" : 21
          } ]
        },
        "data" : {
          "controlType" : "INPUT",
          "customType" : "WEB.Edit",
          "criteria" : [ {
            "attribute" : "TAG",
            "rule" : "equals",
            "value" : "INPUT"
          }, {
            "attribute" : "name",
            "rule" : "equals",
            "value" : "txtStyleNo"
          } ],
          "technoInterfaces" : [ "irpa_core.core.WEBItem" ],
          "occurs" : false
        },
        "dimension" : 0,
        "identifier" : "txtStyleNo",
        "ignoredCaptures" : [ ],
        "name" : "txtStyleNo",
        "occurs" : false,
        "settings" : {
          "Capture" : "No"
        },
        "type" : "irpa_web.WEB.WEBEdit",
        "uid" : "71a4076a-4bd1-42cf-b8c2-8ac4f12e6c26"
      }, {
        "boundingRects" : {
          "1" : [ {
            "left" : 624,
            "top" : 163,
            "width" : 110,
            "height" : 21
          } ],
          "2" : [ {
            "left" : 624,
            "top" : 163,
            "width" : 110,
            "height" : 21
          } ],
          "3" : [ {
            "left" : 624,
            "top" : 163,
            "width" : 110,
            "height" : 21
          } ]
        },
        "data" : {
          "controlType" : "SELECT",
          "customType" : "WEB.ComboBox",
          "criteria" : [ {
            "attribute" : "TAG",
            "rule" : "equals",
            "value" : "SELECT"
          }, {
            "attribute" : "name",
            "rule" : "equals",
            "value" : "drlTechPackDownload"
          } ],
          "technoInterfaces" : [ "irpa_core.core.WEBItem" ],
          "occurs" : false
        },
        "dimension" : 0,
        "identifier" : "drlTechPackDownload",
        "ignoredCaptures" : [ ],
        "name" : "drlTechPackDownload",
        "occurs" : false,
        "settings" : {
          "Capture" : "No"
        },
        "type" : "irpa_web.WEB.WEBComboBox",
        "uid" : "b5ddaa77-fa8e-4c18-bd56-82d5741b6d77"
      }, {
        "boundingRects" : {
          "1" : [ {
            "left" : 697,
            "top" : 234,
            "width" : 100,
            "height" : 21
          } ],
          "2" : [ {
            "left" : 697,
            "top" : 234,
            "width" : 100,
            "height" : 21
          } ],
          "3" : [ {
            "left" : 697,
            "top" : 234,
            "width" : 100,
            "height" : 21
          } ]
        },
        "data" : {
          "controlType" : "SELECT",
          "customType" : "WEB.ComboBox",
          "criteria" : [ {
            "attribute" : "TAG",
            "rule" : "equals",
            "value" : "SELECT"
          }, {
            "attribute" : "name",
            "rule" : "equals",
            "value" : "drlActive"
          } ],
          "technoInterfaces" : [ "irpa_core.core.WEBItem" ],
          "occurs" : false
        },
        "dimension" : 0,
        "identifier" : "drlActive",
        "ignoredCaptures" : [ ],
        "name" : "drlActive",
        "occurs" : false,
        "settings" : {
          "Capture" : "No"
        },
        "type" : "irpa_web.WEB.WEBComboBox",
        "uid" : "022ed4dd-197c-4432-9522-1423e789180f"
      }, {
        "boundingRects" : {
          "1" : [ {
            "left" : 1052,
            "top" : 158,
            "width" : 63,
            "height" : 24
          } ],
          "2" : [ {
            "left" : 1052,
            "top" : 158,
            "width" : 63,
            "height" : 24
          } ],
          "3" : [ {
            "left" : 1052,
            "top" : 158,
            "width" : 63,
            "height" : 24
          } ]
        },
        "data" : {
          "controlType" : "INPUT",
          "customType" : "WEB.Edit",
          "criteria" : [ {
            "attribute" : "TAG",
            "rule" : "equals",
            "value" : "INPUT"
          }, {
            "attribute" : "name",
            "rule" : "equals",
            "value" : "imgBtnSearch"
          } ],
          "technoInterfaces" : [ "irpa_core.core.WEBItem" ],
          "occurs" : false
        },
        "dimension" : 0,
        "identifier" : "imgBtnSearch",
        "ignoredCaptures" : [ ],
        "name" : "imgBtnSearch",
        "occurs" : false,
        "settings" : {
          "Capture" : "No"
        },
        "type" : "irpa_web.WEB.WEBEdit",
        "uid" : "9fc51c87-1375-4c2a-a663-b7337267af3b"
      }, {
        "boundingRects" : {
          "1" : [ {
            "left" : 258,
            "top" : 63,
            "width" : 85,
            "height" : 24
          } ],
          "2" : [ {
            "left" : 258,
            "top" : 63,
            "width" : 85,
            "height" : 24
          } ],
          "3" : [ {
            "left" : 258,
            "top" : 63,
            "width" : 85,
            "height" : 24
          } ]
        },
        "data" : {
          "controlType" : "INPUT",
          "customType" : "WEB.Edit",
          "criteria" : [ {
            "attribute" : "TAG",
            "rule" : "equals",
            "value" : "INPUT"
          }, {
            "attribute" : "name",
            "rule" : "equals",
            "value" : "btnDownload"
          } ],
          "technoInterfaces" : [ "irpa_core.core.WEBItem" ],
          "occurs" : false
        },
        "dimension" : 0,
        "identifier" : "btnDownload",
        "ignoredCaptures" : [ ],
        "name" : "btnDownload",
        "occurs" : false,
        "settings" : {
          "Capture" : "No"
        },
        "type" : "irpa_web.WEB.WEBEdit",
        "uid" : "112efd01-8de4-4a81-910e-814525ad9dfc"
      }, {
        "boundingRects" : {
          "1" : [ {
            "left" : 336,
            "top" : 286,
            "width" : 60,
            "height" : 29
          } ],
          "2" : [ {
            "left" : 336,
            "top" : 286,
            "width" : 60,
            "height" : 29
          } ],
          "3" : [ {
            "left" : 336,
            "top" : 286,
            "width" : 60,
            "height" : 29
          } ]
        },
        "data" : {
          "controlType" : "A",
          "customType" : "WEB.Hyperlink",
          "criteria" : [ {
            "attribute" : "TAG",
            "rule" : "equals",
            "value" : "A"
          }, {
            "attribute" : "Text",
            "rule" : "equals",
            "value" : "Tech Pack Date"
          } ],
          "technoInterfaces" : [ "irpa_core.core.WEBItem" ],
          "occurs" : false
        },
        "dimension" : 0,
        "identifier" : "techPackDate",
        "ignoredCaptures" : [ ],
        "name" : "Tech Pack Date",
        "occurs" : false,
        "settings" : {
          "Capture" : "No"
        },
        "type" : "irpa_web.WEB.WEBHyperlink",
        "uid" : "e0791612-b529-4b79-99f1-7895f8b006f6"
      }, {
        "boundingRects" : {
          "1" : [ {
            "left" : 160,
            "top" : 294,
            "width" : 13,
            "height" : 13
          } ],
          "2" : [ {
            "left" : 160,
            "top" : 294,
            "width" : 13,
            "height" : 13
          } ],
          "3" : [ {
            "left" : 160,
            "top" : 294,
            "width" : 13,
            "height" : 13
          } ]
        },
        "data" : {
          "controlType" : "INPUT",
          "customType" : "WEB.CheckBox",
          "criteria" : [ {
            "attribute" : "TAG",
            "rule" : "equals",
            "value" : "INPUT"
          }, {
            "attribute" : "id",
            "rule" : "equals",
            "value" : "chbSelectAll"
          }, {
            "attribute" : "onclick",
            "rule" : "equals",
            "value" : "selectAllTechpacks();"
          } ],
          "technoInterfaces" : [ "irpa_core.core.WEBItem" ],
          "occurs" : false
        },
        "dimension" : 0,
        "identifier" : "iNPUT",
        "ignoredCaptures" : [ ],
        "name" : "INPUT",
        "occurs" : false,
        "settings" : {
          "Capture" : "No"
        },
        "type" : "irpa_web.WEB.WEBCheckBox",
        "uid" : "ff7ab750-70a5-4c97-a6e7-d46744ef14cb"
      }, {
        "boundingRects" : {
          "1" : [ {
            "left" : 160,
            "top" : 356,
            "width" : 13,
            "height" : 13
          } ],
          "2" : [ {
            "left" : 160,
            "top" : 327,
            "width" : 13,
            "height" : 13
          } ],
          "3" : [ {
            "left" : 160,
            "top" : 356,
            "width" : 13,
            "height" : 13
          } ]
        },
        "data" : {
          "controlType" : "INPUT",
          "customType" : "WEB.CheckBox",
          "criteria" : [ {
            "attribute" : "TAG",
            "rule" : "equals",
            "value" : "INPUT"
          }, {
            "attribute" : "name",
            "rule" : "equals",
            "value" : "dgTechPacks$ctl03$chbSelectTechPack"
          } ],
          "technoInterfaces" : [ "irpa_core.core.WEBItem" ],
          "occurs" : false
        },
        "dimension" : 0,
        "identifier" : "dgTechPacks",
        "ignoredCaptures" : [ ],
        "name" : "dgTechPacks",
        "occurs" : false,
        "settings" : {
          "Capture" : "No"
        },
        "type" : "irpa_web.WEB.WEBCheckBox",
        "uid" : "43645201-8875-4142-a730-627a197013e3"
      }, {
        "boundingRects" : {
          "3" : [ {
            "left" : 587,
            "top" : 356,
            "width" : 246,
            "height" : 36
          } ]
        },
        "data" : {
          "controlType" : "A",
          "customType" : "WEB.Hyperlink",
          "criteria" : [ {
            "attribute" : "TAG",
            "rule" : "equals",
            "value" : "A"
          }, {
            "attribute" : "id",
            "rule" : "equals",
            "value" : "close_link"
          }, {
            "attribute" : "Text",
            "rule" : "contains",
            "value" : "Please wait while file is being generated. Click here once the file is downloaded."
          } ],
          "technoInterfaces" : [ "irpa_core.core.WEBItem" ],
          "occurs" : false
        },
        "dimension" : 0,
        "identifier" : "closelink",
        "ignoredCaptures" : [ ],
        "name" : "Closelink",
        "occurs" : false,
        "settings" : {
          "Capture" : "No"
        },
        "type" : "irpa_web.WEB.WEBHyperlink",
        "uid" : "bf21a667-ceef-4758-b610-806a954cba59"
      } ],
      "mustExists" : [ ],
      "mustNotExists" : [ ],
      "name" : "HTML_2",
      "settings" : {
        "launchURL" : "https://americo.yuniquecloud.com/srmOn/Downloads/Downloads_Main.aspx",
        "CaptDataItemsCached" : false
      },
      "techno" : "WEB",
      "type" : "irpa_core.core.WEBPage",
      "uid" : "c0cf65e9-6e26-4039-957e-a7368f857b21",
      "subScreens" : [ ]
    } ],
    "version" : 8
  },
  "validity" : true,
  "keywords" : "HTML30HTML_130HTML_2",
  "access" : "default",
  "contents" : [ {
    "uid" : "4e5be65c-7ed9-41ae-a175-14969f058226",
    "name" : "dafd1f2b-4d63-4966-8566-2efa9ad82e7d/1/image",
    "mimeType" : "application/json",
    "size" : 161632,
    "lastUpdateRelease" : "2209.07"
  }, {
    "uid" : "364e9264-72f3-47c5-9e8f-205d65893121",
    "name" : "dafd1f2b-4d63-4966-8566-2efa9ad82e7d/1/structure",
    "mimeType" : "application/json",
    "size" : 217974,
    "lastUpdateRelease" : "2209.07"
  }, {
    "uid" : "850840a4-ec66-4530-8d74-f7457521fb63",
    "name" : "applicationDescription",
    "mimeType" : "application/json",
    "size" : 33457,
    "lastUpdateRelease" : "2209.07"
  }, {
    "uid" : "78afaca8-8989-4c22-9a37-584d1f4139f5",
    "name" : "c0cf65e9-6e26-4039-957e-a7368f857b21/2/structure",
    "mimeType" : "application/json",
    "size" : 709516,
    "lastUpdateRelease" : "2209.07"
  }, {
    "uid" : "5b497da8-3893-4836-8bee-2d0bd38c4236",
    "name" : "c0cf65e9-6e26-4039-957e-a7368f857b21/2/image",
    "mimeType" : "application/json",
    "size" : 285368,
    "lastUpdateRelease" : "2209.07"
  }, {
    "uid" : "2c31b201-3bea-418e-b8e7-559c9d31e595",
    "name" : "c0cf65e9-6e26-4039-957e-a7368f857b21/3/image",
    "mimeType" : "application/json",
    "size" : 255573,
    "lastUpdateRelease" : "2209.07"
  }, {
    "uid" : "58c9cf7e-245b-4a5c-9f43-6779dda915c1",
    "name" : "c0cf65e9-6e26-4039-957e-a7368f857b21/3/structure",
    "mimeType" : "application/json",
    "size" : 2866127,
    "lastUpdateRelease" : "2209.07"
  }, {
    "uid" : "d5240b17-1718-4e62-b41d-9210d798b5cf",
    "name" : "4a5d91d6-6ff0-4917-8ace-50d0f66fcde9/1/structure",
    "mimeType" : "application/json",
    "size" : 50768,
    "lastUpdateRelease" : "2209.07"
  }, {
    "uid" : "a0ca1741-2897-4fa1-9f33-570cc8bdcb89",
    "name" : "c0cf65e9-6e26-4039-957e-a7368f857b21/1/structure",
    "mimeType" : "application/json",
    "size" : 2822400,
    "lastUpdateRelease" : "2209.07"
  }, {
    "uid" : "b3793ebc-9fa3-49e5-b4ee-5a7697e581ba",
    "name" : "4a5d91d6-6ff0-4917-8ace-50d0f66fcde9/1/image",
    "mimeType" : "application/json",
    "size" : 319651,
    "lastUpdateRelease" : "2209.07"
  }, {
    "uid" : "50755041-33ca-4db3-b0b3-102668ba1821",
    "name" : "c0cf65e9-6e26-4039-957e-a7368f857b21/1/image",
    "mimeType" : "application/json",
    "size" : 319653,
    "lastUpdateRelease" : "2209.07"
  } ],
  "exportRelease" : "2209.08",
  "lastHeaderUpdateRelease" : "2209.07",
  "submittable" : true,
  "mode" : "managed"
}