{
  "uid" : "5c3efbea-5de9-4751-81e7-65e2f76a7fc8",
  "name" : "Client",
  "description" : "client",
  "identifier" : "Client",
  "type" : "environment-variable",
  "visibility" : true,
  "activated" : true,
  "header" : {
    "type" : "simple",
    "typeValue" : "string",
    "typeName" : "string",
    "dimension" : 0
  },
  "buildHeader" : {
    "type" : "simple",
    "typeValue" : "string",
    "typeName" : "string",
    "dimension" : 0
  },
  "validity" : true,
  "access" : "default",
  "exportRelease" : "2205.50",
  "lastHeaderUpdateRelease" : "2204.01",
  "submittable" : true,
  "mode" : "managed"
}