{
  "uid" : "9cbd7699-ac02-4561-939a-3de3c7e13e39",
  "name" : "SAP 輕鬆存取 Automation",
  "identifier" : "a_sAP_1",
  "type" : "automation",
  "visibility" : true,
  "activated" : false,
  "header" : {
    "inputs" : [ ],
    "outputs" : [ ],
    "maxDuration" : 600,
    "maxActivityDuration" : 30,
    "triggerable" : true,
    "hasAddJobSubAutomations" : false,
    "hasAlerts" : false,
    "scriptUids" : [ ]
  },
  "validity" : false,
  "dependencies" : [ {
    "artifactUid" : "00dd20c1-2745-4071-9e94-692871c5dd90"
  }, {
    "artifactUid" : "9cab8902-34c3-37f9-a6bb-8e55279e5195",
    "artifactContainerUid" : "4e59bcc7-c26a-43b8-b757-eeda12003465",
    "packageUid" : "2dbcfd22-58ea-49a2-99d6-005f5bb902c3",
    "packageAlias" : "irpa_core"
  }, {
    "artifactUid" : "aab5ad95-d8dd-3ea2-b24d-17c88b53b37c",
    "artifactContainerUid" : "4e59bcc7-c26a-43b8-b757-eeda12003465",
    "packageUid" : "2dbcfd22-58ea-49a2-99d6-005f5bb902c3",
    "packageAlias" : "irpa_core"
  }, {
    "artifactUid" : "ec029baf-9989-3475-ac71-29ec82435863",
    "artifactContainerUid" : "4e59bcc7-c26a-43b8-b757-eeda12003465",
    "packageUid" : "2dbcfd22-58ea-49a2-99d6-005f5bb902c3",
    "packageAlias" : "irpa_core"
  }, {
    "artifactUid" : "f2fee1f4-25ef-3451-a66b-11b328ea34f4",
    "artifactContainerUid" : "4e59bcc7-c26a-43b8-b757-eeda12003465",
    "packageUid" : "2dbcfd22-58ea-49a2-99d6-005f5bb902c3",
    "packageAlias" : "irpa_core"
  } ],
  "access" : "default",
  "contents" : [ {
    "uid" : "c2bc1cbc-14c0-4fea-a6c2-bdabf61d9c8c",
    "name" : "content",
    "mimeType" : "application/json",
    "size" : 74353,
    "lastUpdateRelease" : "2204.01"
  } ],
  "exportRelease" : "2209.08",
  "lastHeaderUpdateRelease" : "2204.01",
  "submittable" : true,
  "mode" : "managed"
}