{
  "uid" : "526bddd0-0220-45da-b93a-81e6e4556d2b",
  "name" : "Materials Project Pane",
  "description" : "副料建立",
  "identifier" : "projectpane0",
  "type" : "projectpane",
  "visibility" : true,
  "activated" : true,
  "buildHeader" : null,
  "validity" : true,
  "dependencies" : [ {
    "artifactUid" : "962c98a7-ad4c-4792-b82f-57fce25d8081",
    "artifactContainerUid" : "bf56444b-0058-4b44-b216-91bbebf65092"
  }, {
    "artifactUid" : "9cab8902-34c3-37f9-a6bb-8e55279e5195",
    "artifactContainerUid" : "7a4642b7-6a99-4c65-9661-645041ee45c9",
    "packageUid" : "2dbcfd22-58ea-49a2-99d6-005f5bb902c3",
    "packageAlias" : "irpa_core"
  } ],
  "access" : "default",
  "contents" : [ {
    "uid" : "9c1cf9e3-ce66-4fe6-84d2-4b17a101b96a",
    "name" : "content",
    "mimeType" : "application/json",
    "size" : 280,
    "lastUpdateRelease" : "2208.02"
  } ],
  "exportRelease" : "2208.03",
  "lastHeaderUpdateRelease" : "2204.02",
  "submittable" : true,
  "mode" : "managed"
}