{
  "uid" : "526bddd0-0220-45da-b93a-81e6e4556d2b",
  "name" : "Materials Project Pane",
  "description" : "副料建立",
  "identifier" : "projectpane0",
  "type" : "projectpane",
  "visibility" : true,
  "activated" : true,
  "validity" : true,
  "dependencies" : [ {
    "artifactUid" : "962c98a7-ad4c-4792-b82f-57fce25d8081",
    "artifactContainerUid" : "34f822ad-fa4e-4cae-a7d7-04a1cfc07b68"
  } ],
  "access" : "default",
  "contents" : [ {
    "uid" : "d4c349ea-60cd-4dba-b983-64b23ac46e9e",
    "name" : "content",
    "mimeType" : "application/json",
    "size" : 184,
    "lastUpdateRelease" : "2204.02"
  } ],
  "exportRelease" : "2205.51",
  "lastHeaderUpdateRelease" : "2204.02",
  "submittable" : true,
  "mode" : "managed"
}