{
  "uid" : "526bddd0-0220-45da-b93a-81e6e4556d2b",
  "name" : "Materials Project Pane",
  "description" : "副料建立",
  "identifier" : "projectpane0",
  "type" : "projectpane",
  "visibility" : true,
  "activated" : true,
  "header" : null,
  "buildHeader" : null,
  "validity" : true,
  "dependencies" : [ {
    "artifactUid" : "962c98a7-ad4c-4792-b82f-57fce25d8081",
    "artifactContainerUid" : "34f822ad-fa4e-4cae-a7d7-04a1cfc07b68"
  } ],
  "access" : "default",
  "contents" : [ {
    "uid" : "371e7167-fed8-42bb-8e21-1838cd29f601",
    "name" : "content",
    "mimeType" : "application/json",
    "size" : 184,
    "lastUpdateRelease" : "2205.51"
  } ],
  "exportRelease" : "2207.03",
  "lastHeaderUpdateRelease" : "2204.02",
  "submittable" : true,
  "mode" : "managed"
}