{
  "uid" : "526bddd0-0220-45da-b93a-81e6e4556d2b",
  "name" : "Materials Project Pane",
  "description" : "副料建立",
  "identifier" : "projectpane0",
  "type" : "projectpane",
  "visibility" : true,
  "activated" : true,
  "validity" : true,
  "dependencies" : [ {
    "artifactUid" : "962c98a7-ad4c-4792-b82f-57fce25d8081",
    "artifactContainerUid" : "9f3c7437-b6f7-4d8f-b280-7dda51bb2880"
  } ],
  "access" : "default",
  "contents" : [ {
    "uid" : "662b63b0-4c17-4996-aeab-a073854a913e",
    "name" : "content",
    "mimeType" : "application/json",
    "size" : 184,
    "lastUpdateRelease" : "2204.02"
  } ],
  "exportRelease" : "2205.50",
  "lastHeaderUpdateRelease" : "2204.02",
  "submittable" : true,
  "mode" : "managed"
}