{
  "uid" : "526bddd0-0220-45da-b93a-81e6e4556d2b",
  "name" : "Materials Project Pane",
  "description" : "物料建立",
  "identifier" : "projectpane0",
  "type" : "projectpane",
  "visibility" : true,
  "activated" : true,
  "validity" : true,
  "dependencies" : [ {
    "artifactUid" : "962c98a7-ad4c-4792-b82f-57fce25d8081",
    "artifactContainerUid" : "009f49d6-2b77-4306-ba60-25724cf18acf"
  }, {
    "artifactUid" : "9cab8902-34c3-37f9-a6bb-8e55279e5195",
    "artifactContainerUid" : "01b03133-1f23-468a-aef2-4c98c5d24f42",
    "packageUid" : "2dbcfd22-58ea-49a2-99d6-005f5bb902c3",
    "packageAlias" : "irpa_core"
  } ],
  "access" : "default",
  "contents" : [ {
    "uid" : "8aefaa60-56ed-4211-8b79-42a4b2678dde",
    "name" : "content",
    "mimeType" : "application/json",
    "size" : 280,
    "lastUpdateRelease" : "2207.03"
  } ],
  "exportRelease" : "2207.03",
  "lastHeaderUpdateRelease" : "2204.02",
  "submittable" : true,
  "mode" : "managed"
}