{
  "uid" : "c435645c-0931-47b5-897b-fc3ff0447e79",
  "name" : "myautomation",
  "identifier" : "myautomation",
  "type" : "automation",
  "visibility" : true,
  "activated" : true,
  "header" : {
    "inputs" : [ ],
    "outputs" : [ ],
    "maxDuration" : 600,
    "maxActivityDuration" : 30,
    "triggerable" : true,
    "hasAddJobSubAutomations" : false,
    "hasAlerts" : false,
    "scriptUids" : [ ]
  },
  "validity" : true,
  "dependencies" : [ {
    "artifactUid" : "3ec0281c-f249-4ac0-8a49-cfb7648e459e",
    "artifactContainerUid" : "a5902113-2029-4131-abe1-52ba58eb01c5"
  }, {
    "artifactUid" : "9cab8902-34c3-37f9-a6bb-8e55279e5195",
    "artifactContainerUid" : "4e59bcc7-c26a-43b8-b757-eeda12003465",
    "packageUid" : "2dbcfd22-58ea-49a2-99d6-005f5bb902c3",
    "packageAlias" : "irpa_core"
  }, {
    "artifactUid" : "aab5ad95-d8dd-3ea2-b24d-17c88b53b37c",
    "artifactContainerUid" : "4e59bcc7-c26a-43b8-b757-eeda12003465",
    "packageUid" : "2dbcfd22-58ea-49a2-99d6-005f5bb902c3",
    "packageAlias" : "irpa_core"
  }, {
    "artifactUid" : "f2fee1f4-25ef-3451-a66b-11b328ea34f4",
    "artifactContainerUid" : "4e59bcc7-c26a-43b8-b757-eeda12003465",
    "packageUid" : "2dbcfd22-58ea-49a2-99d6-005f5bb902c3",
    "packageAlias" : "irpa_core"
  } ],
  "access" : "default",
  "contents" : [ {
    "uid" : "24778682-42ef-4cf4-a757-114a6dfab713",
    "name" : "content",
    "mimeType" : "application/json",
    "size" : 67318,
    "lastUpdateRelease" : "2209.07"
  } ],
  "exportRelease" : "2209.08",
  "lastHeaderUpdateRelease" : "2209.07",
  "submittable" : true,
  "mode" : "managed"
}