{
  "uid" : "962c98a7-ad4c-4792-b82f-57fce25d8081",
  "name" : "Myautomation2",
  "identifier" : "myautomation2",
  "type" : "automation",
  "visibility" : true,
  "activated" : true,
  "header" : {
    "inputs" : [ ],
    "outputs" : [ ],
    "maxDuration" : 1800,
    "maxActivityDuration" : 1800,
    "triggerable" : true,
    "hasAddJobSubAutomations" : false,
    "hasAlerts" : true,
    "scriptUids" : [ "e0eb24b0-e08e-489c-b4ec-e42af3bd70b0", "f9c913f2-4ce6-47bb-90a7-611259c7f6db", "8d91fd01-fa12-4f80-b645-e6a84104cba2" ]
  },
  "validity" : true,
  "dependencies" : [ {
    "artifactUid" : "079265fd-0cc3-37ff-9896-ef34682a481b",
    "artifactContainerUid" : "b657eb6a-ecab-49ea-886b-938b1c92ae72",
    "packageUid" : "105f6259-cdaf-414b-86ea-5bc670448046",
    "packageAlias" : "irpa_excel"
  }, {
    "artifactUid" : "08932019-52df-3d41-8347-421faed14de4",
    "artifactContainerUid" : "4e59bcc7-c26a-43b8-b757-eeda12003465",
    "packageUid" : "2dbcfd22-58ea-49a2-99d6-005f5bb902c3",
    "packageAlias" : "irpa_core"
  }, {
    "artifactUid" : "1cebf7e6-5b89-44a5-9055-2a154c66b3ff",
    "artifactContainerUid" : "009f49d6-2b77-4306-ba60-25724cf18acf"
  }, {
    "artifactUid" : "2a70b373-8af8-4ad1-beec-7d486df2c7db",
    "artifactContainerUid" : "009f49d6-2b77-4306-ba60-25724cf18acf"
  }, {
    "artifactUid" : "3d71a912-e5ca-3cab-9e96-cc170b200ba4",
    "artifactContainerUid" : "a8a73ac1-c7aa-47f3-b7ae-fde77725282d",
    "packageUid" : "e5dadd38-93e2-423a-8126-69aecb04b92b",
    "packageAlias" : "irpa_outlook"
  }, {
    "artifactUid" : "4db92b7c-25a3-41e6-a3c8-abe3bf7b6f6d",
    "artifactContainerUid" : "009f49d6-2b77-4306-ba60-25724cf18acf"
  }, {
    "artifactUid" : "532ff9d9-9040-3db8-ae61-fadb6b1983ae",
    "artifactContainerUid" : "a8a73ac1-c7aa-47f3-b7ae-fde77725282d",
    "packageUid" : "e5dadd38-93e2-423a-8126-69aecb04b92b",
    "packageAlias" : "irpa_outlook"
  }, {
    "artifactUid" : "57c96571-78ff-4b0e-9b96-ee05a7262e33",
    "artifactContainerUid" : "009f49d6-2b77-4306-ba60-25724cf18acf"
  }, {
    "artifactUid" : "5c3efbea-5de9-4751-81e7-65e2f76a7fc8",
    "artifactContainerUid" : "009f49d6-2b77-4306-ba60-25724cf18acf"
  }, {
    "artifactUid" : "6d827ed4-cc5b-4dac-afb9-ef1b306492af",
    "artifactContainerUid" : "009f49d6-2b77-4306-ba60-25724cf18acf"
  }, {
    "artifactUid" : "72ac3c04-38a6-3298-92bb-fe2ef0a27750",
    "artifactContainerUid" : "a8a73ac1-c7aa-47f3-b7ae-fde77725282d",
    "packageUid" : "e5dadd38-93e2-423a-8126-69aecb04b92b",
    "packageAlias" : "irpa_outlook"
  }, {
    "artifactUid" : "7e39d857-bb57-483b-94d1-70d40e3478a4",
    "artifactContainerUid" : "009f49d6-2b77-4306-ba60-25724cf18acf"
  }, {
    "artifactUid" : "9cab8902-34c3-37f9-a6bb-8e55279e5195",
    "artifactContainerUid" : "4e59bcc7-c26a-43b8-b757-eeda12003465",
    "packageUid" : "2dbcfd22-58ea-49a2-99d6-005f5bb902c3",
    "packageAlias" : "irpa_core"
  }, {
    "artifactUid" : "9d97d190-ddae-3b68-bf21-ac94e6bc05e4",
    "artifactContainerUid" : "b657eb6a-ecab-49ea-886b-938b1c92ae72",
    "packageUid" : "105f6259-cdaf-414b-86ea-5bc670448046",
    "packageAlias" : "irpa_excel"
  }, {
    "artifactUid" : "aab5ad95-d8dd-3ea2-b24d-17c88b53b37c",
    "artifactContainerUid" : "4e59bcc7-c26a-43b8-b757-eeda12003465",
    "packageUid" : "2dbcfd22-58ea-49a2-99d6-005f5bb902c3",
    "packageAlias" : "irpa_core"
  }, {
    "artifactUid" : "ad8424e5-0004-31e8-b7c2-cd871847e3e3",
    "artifactContainerUid" : "b657eb6a-ecab-49ea-886b-938b1c92ae72",
    "packageUid" : "105f6259-cdaf-414b-86ea-5bc670448046",
    "packageAlias" : "irpa_excel"
  }, {
    "artifactUid" : "b2b39969-be3a-32e5-b4cb-3ebfacb6d3e5",
    "artifactContainerUid" : "b657eb6a-ecab-49ea-886b-938b1c92ae72",
    "packageUid" : "105f6259-cdaf-414b-86ea-5bc670448046",
    "packageAlias" : "irpa_excel"
  }, {
    "artifactUid" : "b45221f0-ed55-3f63-95d8-7d70b97b557e",
    "artifactContainerUid" : "4e59bcc7-c26a-43b8-b757-eeda12003465",
    "packageUid" : "2dbcfd22-58ea-49a2-99d6-005f5bb902c3",
    "packageAlias" : "irpa_core"
  }, {
    "artifactUid" : "c1673d36-5f77-42f9-8286-77c3103ecdc2",
    "artifactContainerUid" : "009f49d6-2b77-4306-ba60-25724cf18acf"
  }, {
    "artifactUid" : "c8a43f3a-3d06-46e5-bc6f-a41a4e11f80c",
    "artifactContainerUid" : "009f49d6-2b77-4306-ba60-25724cf18acf"
  }, {
    "artifactUid" : "d0ada9da-20ad-4b8d-bdce-81b3c8946835",
    "artifactContainerUid" : "009f49d6-2b77-4306-ba60-25724cf18acf"
  }, {
    "artifactUid" : "ec029baf-9989-3475-ac71-29ec82435863",
    "artifactContainerUid" : "4e59bcc7-c26a-43b8-b757-eeda12003465",
    "packageUid" : "2dbcfd22-58ea-49a2-99d6-005f5bb902c3",
    "packageAlias" : "irpa_core"
  }, {
    "artifactUid" : "ed521d70-d2b5-3286-848b-8acd783a6b43",
    "artifactContainerUid" : "4e59bcc7-c26a-43b8-b757-eeda12003465",
    "packageUid" : "2dbcfd22-58ea-49a2-99d6-005f5bb902c3",
    "packageAlias" : "irpa_core"
  }, {
    "artifactUid" : "edfd9191-786e-389f-a918-53d58c2a81e3",
    "artifactContainerUid" : "b657eb6a-ecab-49ea-886b-938b1c92ae72",
    "packageUid" : "105f6259-cdaf-414b-86ea-5bc670448046",
    "packageAlias" : "irpa_excel"
  }, {
    "artifactUid" : "f1417804-dd22-4781-aa40-dc792ad11e17",
    "artifactContainerUid" : "009f49d6-2b77-4306-ba60-25724cf18acf"
  } ],
  "access" : "default",
  "contents" : [ {
    "uid" : "b436f0c8-fe0e-4c2e-9882-7ca52c754377",
    "name" : "content",
    "mimeType" : "application/json",
    "size" : 275083,
    "lastUpdateRelease" : "2209.05"
  }, {
    "uid" : "39b218ea-71f5-4c7c-9fa1-6b68bd8a2510",
    "name" : "8d91fd01-fa12-4f80-b645-e6a84104cba2",
    "mimeType" : "application/json",
    "size" : 368,
    "lastUpdateRelease" : "2207.03"
  }, {
    "uid" : "d390a7c9-c927-49b6-8987-b362a7e25528",
    "name" : "f9c913f2-4ce6-47bb-90a7-611259c7f6db",
    "mimeType" : "application/json",
    "size" : 155,
    "lastUpdateRelease" : "2206.03"
  }, {
    "uid" : "73d0618b-0672-4ad8-9099-d261017d32b2",
    "name" : "e0eb24b0-e08e-489c-b4ec-e42af3bd70b0",
    "mimeType" : "application/json",
    "size" : 368,
    "lastUpdateRelease" : "2207.03"
  } ],
  "exportRelease" : "2209.05",
  "lastHeaderUpdateRelease" : "2209.05",
  "submittable" : true,
  "mode" : "managed"
}