{
  "uid" : "7e39d857-bb57-483b-94d1-70d40e3478a4",
  "name" : "my alert3",
  "identifier" : "myAlert3",
  "type" : "alert",
  "visibility" : true,
  "activated" : true,
  "header" : {
    "message" : "${myOutput02}",
    "parameters" : [ {
      "name" : "myOutput02",
      "type" : "STRING"
    } ],
    "severity" : "INFORMATION",
    "schema" : {
      "$id" : "61d2b5c3-5366-4e13-8080-1df79992c22b",
      "$schema" : "http://json-schema.org/draft-07/schema#",
      "title" : "my alert3",
      "type" : "object",
      "properties" : {
        "message" : {
          "type" : "string"
        },
        "severity" : {
          "type" : "string",
          "enum" : [ "INFORMATION", "WARNING", "ERROR" ]
        },
        "parameters" : {
          "myOutput02" : {
            "type" : "string"
          }
        }
      }
    }
  },
  "validity" : true,
  "access" : "default",
  "exportRelease" : "2206.02",
  "lastHeaderUpdateRelease" : "2205.50",
  "submittable" : true,
  "mode" : "managed"
}