{
  "uid" : "2a70b373-8af8-4ad1-beec-7d486df2c7db",
  "name" : "materials",
  "identifier" : "datatype4",
  "type" : "datatype",
  "visibility" : true,
  "activated" : true,
  "header" : {
    "$schema" : "http://json-schema.org/draft-07/schema#",
    "type" : "object",
    "title" : "materials",
    "properties" : {
      "物料號碼" : {
        "uid" : "312d5e74-56c7-4f3e-a6de-5dd069662d0e",
        "type" : "string",
        "required" : [ ]
      },
      "物料類型" : {
        "uid" : "1875ccb7-5000-4a37-b9a5-d1cffff79878",
        "type" : "string"
      },
      "物料群組" : {
        "uid" : "617027ab-b17d-459a-8b9d-c6384e1ac6b1",
        "sample" : "",
        "type" : "string"
      },
      "物料種類" : {
        "uid" : "2c1e1bad-099c-45fa-a648-c461cda9f647",
        "items" : {
          "type" : "string"
        },
        "type" : "array"
      },
      "參考物料" : {
        "uid" : "a104d504-4923-468e-87f6-f290e543113c"
      },
      "物料說明" : {
        "uid" : "15f7db69-d208-4108-976b-112728c188a0"
      },
      "計量單位" : {
        "uid" : "eb485c1d-a7b7-45cc-b681-3e32f5c99cab",
        "items" : {
          "type" : "string"
        },
        "type" : "array"
      },
      "區隔策略" : {
        "uid" : "94c50dd7-a35c-4578-ae1f-f7049f7719aa",
        "items" : {
          "type" : "string"
        },
        "type" : "array"
      },
      "捨入值" : {
        "uid" : "e49c1fd0-a248-487d-9d1d-a8d04c739c6e",
        "items" : {
          "type" : "string"
        },
        "type" : "array"
      },
      "中英文描述" : {
        "uid" : "18adae80-2c3b-46b0-bb47-a1d78a4867a2"
      },
      "鋪貨1" : {
        "uid" : "6f1deb2c-c78a-46d6-8d5b-ea6bcab692a4",
        "items" : {
          "type" : "string"
        },
        "type" : "array"
      },
      "鋪貨2" : {
        "uid" : "2ac3f56c-37a9-4663-89b2-5ad3420a0169",
        "items" : {
          "type" : "string"
        },
        "type" : "array"
      },
      "鋪貨3" : {
        "uid" : "ca12e5fa-b41b-4cd1-a626-32181fc38db0",
        "items" : {
          "type" : "string"
        },
        "type" : "array"
      },
      "鋪貨4" : {
        "uid" : "8663e972-daa6-4849-8075-34963d468c0c",
        "items" : {
          "type" : "string"
        },
        "type" : "array"
      },
      "鋪貨5" : {
        "uid" : "5fff74b7-ceed-48f3-92fa-800369dec04f",
        "items" : {
          "type" : "string"
        },
        "type" : "array"
      },
      "鋪貨6" : {
        "uid" : "deaf9c93-e9bd-4a05-810d-1c86e0c7a059",
        "items" : {
          "type" : "string"
        },
        "type" : "array"
      },
      "鋪貨7" : {
        "uid" : "4e055a32-bba7-4c09-9f42-670e1d39a298",
        "items" : {
          "type" : "string"
        },
        "type" : "array"
      },
      "鋪貨8" : {
        "uid" : "757b87ac-4ed8-44ae-87ed-9a825ec7f998",
        "items" : {
          "type" : "string"
        },
        "type" : "array"
      },
      "鋪貨9" : {
        "uid" : "6dba4186-0459-4622-a67d-963a0998143e",
        "items" : {
          "type" : "string"
        },
        "type" : "array"
      },
      "鋪貨10" : {
        "uid" : "35a3c5d4-0e18-4382-bdb7-d090c87f41af",
        "items" : {
          "type" : "string"
        },
        "type" : "array"
      },
      "內文行" : {
        "uid" : "7b47854e-01f9-4181-8e32-9201cc17dd78",
        "items" : {
          "type" : "string"
        },
        "type" : "array"
      },
      "計量單位轉換的分母" : {
        "uid" : "674a03a6-ea39-4c6a-8afa-ce1fe321102f",
        "items" : {
          "type" : "string"
        },
        "type" : "array"
      },
      "單位" : {
        "uid" : "c9f3309b-a9c6-429c-b5e6-60515682abd2",
        "items" : {
          "type" : "string"
        },
        "type" : "array"
      },
      "淨重" : {
        "uid" : "01974fc2-3e1d-4a90-82f0-435b945e0096",
        "items" : {
          "type" : "string"
        },
        "type" : "array"
      },
      "重量單位" : {
        "type" : "string",
        "uid" : "525934f3-dba5-487e-ab9f-3c218d066e2d"
      },
      "特性欄位一" : {
        "uid" : "51f917c5-3fbc-4241-b28a-275cef115ec3",
        "items" : {
          "type" : "string"
        },
        "type" : "array"
      },
      "特性欄位二" : {
        "type" : "string",
        "uid" : "e86aff67-ea79-4803-9525-7a59fe5a053b"
      },
      "特性欄位三" : {
        "uid" : "c26b8111-81ca-4502-a1f0-21bdc19ed3d8",
        "items" : {
          "type" : "string"
        },
        "type" : "array"
      },
      "特性欄位五" : {
        "uid" : "ec030006-50f4-46a4-91b2-e6be14ab19e9",
        "items" : {
          "type" : "string"
        },
        "type" : "array"
      },
      "特性欄位四" : {
        "uid" : "14459481-37b5-4da5-ab1f-014e1e479439",
        "items" : {
          "type" : "string"
        },
        "type" : "array"
      },
      "特性欄位六" : {
        "uid" : "705498cb-6a78-46ff-9171-bbe60ccaaa69",
        "items" : {
          "type" : "string"
        },
        "type" : "array"
      }
    },
    "required" : [ ]
  },
  "validity" : true,
  "access" : "default",
  "exportRelease" : "2208.03",
  "lastHeaderUpdateRelease" : "2207.03",
  "submittable" : true,
  "mode" : "managed"
}